,City,Cloudiness,Country,Date,Humidity,Lat,Lng,Max Temp,Wind Speed
0,ewa beach,20,US,1598271896,74,21.32,-158.01,80.6,11.21
1,amurzet,100,RU,1598271896,96,47.7,131.1,65.25,5.75
2,saint-philippe,38,RE,1598271896,64,-21.36,55.77,75.2,20.8
3,carlsbad,90,US,1598271830,94,33.16,-117.35,75.2,3.36
4,ushuaia,75,AR,1598271856,86,-54.8,-68.3,30.2,20.8
5,weligama,22,LK,1598271897,74,5.97,80.42,82.99,10.25
6,arraial do cabo,40,BR,1598271897,77,-22.97,-42.03,68.0,8.05
7,kavieng,100,PG,1598271897,80,-2.57,150.8,78.85,3.98
8,rikitea,14,PF,1598271898,82,-23.12,-134.97,72.21,17.07
9,vao,23,NC,1598271898,74,-22.67,167.48,69.44,12.19
10,butaritari,100,KI,1598271898,76,3.07,172.79,82.26,11.39
11,pacific grove,1,US,1598271646,82,36.62,-121.92,62.6,2.24
12,laguna,90,US,1598271899,53,38.42,-121.42,73.4,5.82
13,port alfred,97,ZA,1598271899,72,-33.59,26.89,64.49,11.25
14,lebu,92,CL,1598271899,88,-37.62,-73.65,49.75,16.11
15,iqaluit,90,CA,1598271899,93,63.75,-68.51,39.2,2.24
16,hithadhoo,89,MV,1598271900,72,-0.6,73.08,83.53,11.3
17,sao filipe,72,CV,1598271900,76,14.9,-24.5,79.65,5.95
18,ancud,90,CL,1598271900,93,-41.87,-73.82,41.0,9.17
19,la ronge,75,CA,1598271900,93,55.1,-105.28,53.6,5.82
20,mataura,68,NZ,1598271900,92,-46.19,168.86,51.01,7.0
21,mingaora,36,PK,1598271901,60,34.78,72.36,85.82,4.92
22,saskylakh,3,RU,1598271901,62,71.92,114.08,52.43,13.6
23,port elizabeth,75,ZA,1598271602,82,-33.92,25.57,62.6,5.82
24,katsuura,20,JP,1598271902,83,35.13,140.3,80.6,9.17
25,polna,34,CZ,1598271902,10,49.49,15.72,73.99,4.0
26,fairbanks,90,US,1598271767,100,64.84,-147.72,53.01,3.36
27,villars-sur-glane,20,CH,1598271902,35,46.79,7.12,73.4,5.82
28,kyshtovka,50,RU,1598271902,71,56.55,76.63,60.78,7.23
29,new norfolk,47,AU,1598271903,73,-42.78,147.06,37.99,1.99
30,ous,58,RU,1598271903,42,60.91,61.52,67.3,3.44
31,busselton,15,AU,1598271903,82,-33.65,115.33,53.69,7.61
32,bredasdorp,100,ZA,1598271903,93,-34.53,20.04,55.4,11.41
33,puerto ayora,50,EC,1598271904,88,-0.74,-90.35,66.0,5.99
34,calatagan,39,PH,1598271904,79,13.88,120.65,82.87,10.27
35,hobart,20,AU,1598271705,93,-42.88,147.33,37.4,4.83
36,iki-burul,0,RU,1598271906,15,45.82,44.65,80.6,4.47
37,mar del plata,0,AR,1598271906,81,-38.0,-57.56,53.6,11.41
38,norman wells,20,CA,1598271906,87,65.28,-126.83,50.0,5.82
39,cape town,20,ZA,1598271906,63,-33.93,18.42,66.99,13.87
40,punta arenas,31,CL,1598271907,86,-53.15,-70.92,33.8,16.11
41,waingapu,6,ID,1598271907,67,-9.66,120.26,76.03,8.84
42,gambo,79,CF,1598271908,86,4.65,22.26,79.39,3.22
43,pevek,100,RU,1598271908,97,69.7,170.31,38.16,4.92
44,atuona,3,PF,1598271908,77,-9.8,-139.03,78.26,20.22
45,egvekinot,26,RU,1598271908,95,66.32,-179.17,44.67,1.5
46,colares,4,PT,1598271908,61,38.8,-9.45,87.8,6.93
47,albany,60,US,1598271909,92,42.6,-73.97,69.01,0.69
48,hermanus,100,ZA,1598271909,81,-34.42,19.23,59.0,4.0
49,anadyr,90,RU,1598271909,87,64.75,177.48,51.8,8.95
50,ilulissat,90,GL,1598271909,93,69.22,-51.1,35.6,3.36
51,carnarvon,0,AU,1598271909,77,-24.87,113.63,66.2,20.8
52,diego de almagro,54,CL,1598271910,89,-26.37,-70.05,42.21,1.25
53,olinda,20,BR,1598271910,61,-8.01,-34.86,80.6,11.41
54,aginskoye,68,RU,1598271910,90,51.1,114.53,57.34,5.1
55,puerto ayacucho,75,VE,1598271844,88,5.66,-67.62,77.0,3.36
56,kununurra,3,AU,1598271910,19,-15.77,128.73,71.6,4.7
57,bluff,67,NZ,1598271911,92,-46.6,168.33,51.01,7.0
58,dingle,38,PH,1598271911,88,11.0,122.67,79.02,1.36
59,bacolod,28,PH,1598271706,82,10.67,122.95,80.6,5.88
60,torbay,90,CA,1598271911,100,47.67,-52.73,62.01,13.87
61,lorengau,100,PG,1598271911,81,-2.02,147.27,79.38,9.75
62,sur,10,OM,1598271912,64,22.57,59.53,85.57,12.15
63,vaini,40,TO,1598271912,88,-21.2,-175.2,75.2,6.93
64,murmino,68,RU,1598271913,43,54.6,40.05,77.02,12.82
65,thyboron,53,DK,1598271913,61,56.7,8.21,66.0,14.85
66,hilo,75,US,1598271913,88,19.73,-155.09,75.2,3.36
67,jamestown,1,US,1598271913,100,42.1,-79.24,71.01,4.7
68,placetas,75,CU,1598271913,78,22.31,-79.65,78.8,19.46
69,nikolskoye,75,RU,1598271914,64,59.7,30.79,69.8,13.42
70,longyearbyen,40,SJ,1598271914,56,78.22,15.64,44.6,11.41
71,meadow lake,1,US,1598271914,45,34.8,-106.54,71.6,3.36
72,kushiro,75,JP,1598271914,93,42.98,144.37,62.6,3.36
73,inhambane,0,MZ,1598271914,65,-23.86,35.38,78.8,16.11
74,avarua,95,CK,1598271747,73,-21.21,-159.78,71.6,6.93
75,trogir,20,HR,1598271915,45,43.51,16.25,87.8,9.17
76,faanui,20,PF,1598271915,83,-16.48,-151.75,77.04,22.17
77,portales,40,US,1598271779,77,34.19,-103.33,69.01,14.99
78,lima,90,PE,1598271916,82,-12.04,-77.03,60.8,5.82
79,severnyy,0,RU,1598271916,30,50.68,36.55,82.4,6.71
80,aksarka,60,RU,1598271916,59,66.56,67.8,63.1,6.22
81,lavrentiya,100,RU,1598271916,93,65.58,-171.0,46.45,1.59
82,pisco,75,PE,1598271917,87,-13.7,-76.22,61.0,2.24
83,humberto de campos,91,BR,1598271917,69,-2.6,-43.46,81.88,10.74
84,verkhnevilyuysk,12,RU,1598271918,70,63.45,120.32,46.85,3.02
85,sola,20,VU,1598271918,94,-13.88,167.55,78.8,12.1
86,kaitangata,97,NZ,1598271918,86,-46.28,169.85,51.01,5.99
87,khatanga,100,RU,1598271918,52,71.97,102.5,64.85,10.78
88,tuktoyaktuk,0,CA,1598271918,81,69.45,-133.04,53.76,12.15
89,georgetown,40,MY,1598271637,74,5.41,100.34,86.0,5.82
90,kodiak,20,US,1598271919,76,57.79,-152.41,55.4,3.36
91,upernavik,100,GL,1598271749,83,72.79,-56.15,43.0,3.96
92,soe,11,ID,1598271919,97,-9.86,124.28,62.22,7.07
93,saint george,1,US,1598271919,83,37.1,-113.58,72.0,3.36
94,adrar,0,MR,1598271920,27,20.5,-10.07,99.64,14.32
95,longjiang,36,CN,1598271920,87,47.33,123.18,67.19,3.22
96,thompson,90,CA,1598271920,100,55.74,-97.86,46.4,13.87
97,vila velha,2,BR,1598271920,60,-20.33,-40.29,71.6,17.22
98,jumla,96,NP,1598271920,69,29.27,82.18,68.54,2.62
99,wajir,75,KE,1598271921,34,1.75,40.06,93.2,9.17
100,kanigoro,31,ID,1598271922,88,-8.13,112.22,72.75,6.15
101,newcastle,13,AU,1598271782,75,-32.93,151.78,55.99,8.05
102,carballo,70,ES,1598271922,64,43.21,-8.69,75.2,3.36
103,keti bandar,100,PK,1598271922,78,24.14,67.45,85.06,16.71
104,tasiilaq,30,GL,1598271923,86,65.61,-37.64,37.4,10.29
105,cherskiy,100,RU,1598271923,95,68.75,161.3,38.46,2.37
106,baraki barak,0,AF,1598271923,13,33.97,68.95,92.21,9.66
107,wencheng,49,CN,1598271923,85,33.06,113.8,75.34,2.64
108,castro,66,BR,1598271924,85,-24.79,-50.01,50.04,11.25
109,iskateley,100,RU,1598271924,91,67.68,53.15,59.74,11.65
110,synya,100,RU,1598271924,62,65.37,58.04,65.21,7.34
111,kavaratti,100,IN,1598271924,76,10.57,72.64,81.99,9.89
112,mehamn,75,NO,1598271924,81,71.04,27.85,53.6,21.92
113,taylor,1,US,1598271925,60,32.3,-99.83,69.8,4.34
114,vestmanna,96,FO,1598271925,76,62.16,-7.17,51.8,11.41
115,asau,77,RO,1598271925,89,46.43,26.4,71.01,3.04
116,perth,39,AU,1598271771,63,-31.93,115.83,60.8,9.17
117,ponta do sol,20,PT,1598271925,54,32.67,-17.1,80.6,19.46
118,tazmalt,20,DZ,1598271926,62,36.39,4.4,84.2,9.17
119,victoria,0,HK,1598271757,79,22.29,114.16,86.0,15.01
120,salvador,20,SV,1598271926,100,13.83,-88.92,73.4,2.24
121,tocopilla,48,CL,1598271926,64,-22.09,-70.2,59.7,4.99
122,kapaa,75,US,1598271745,83,22.08,-159.32,78.8,9.17
123,cabo san lucas,19,MX,1598271927,79,22.89,-109.91,82.0,1.01
124,zapolyarnyy,75,RU,1598271927,71,69.42,30.81,57.2,14.99
125,horsham,75,GB,1598271927,60,51.06,-0.33,71.01,9.17
126,la asuncion,100,VE,1598271928,94,11.03,-63.86,77.0,3.36
127,barrow,75,US,1598271928,100,71.29,-156.79,35.6,5.82
128,mahebourg,40,MU,1598271928,69,-20.41,57.7,73.4,16.11
129,gushikawa,90,JP,1598271928,94,26.35,127.87,82.4,16.11
130,hervey bay,0,AU,1598271928,71,-25.3,152.85,54.0,1.12
131,coihueco,39,CL,1598271929,76,-36.62,-71.83,50.0,11.41
132,biltine,100,TD,1598271929,59,14.53,20.92,82.9,4.18
133,almaznyy,0,RU,1598271929,23,48.04,40.05,84.2,8.95
134,nanortalik,1,GL,1598271929,81,60.14,-45.24,44.74,3.31
135,alpena,1,US,1598271784,93,45.06,-83.43,68.0,4.05
136,thinadhoo,54,MV,1598271930,68,0.53,72.93,82.81,4.41
137,orange cove,1,US,1598271930,78,36.62,-119.31,75.2,6.93
138,erenhot,4,CN,1598271930,36,43.65,111.98,77.2,12.68
139,adeje,0,ES,1598271930,38,28.12,-16.73,89.6,33.33
140,northam,92,GB,1598271930,91,51.03,-4.22,64.99,8.99
141,lodja,98,CD,1598271931,70,-3.48,23.43,78.51,2.57
142,namatanai,100,PG,1598271931,84,-3.67,152.43,76.42,4.61
143,coquimbo,75,CL,1598271931,71,-29.95,-71.34,51.8,5.82
144,canmore,1,CA,1598271931,87,51.08,-115.35,44.6,3.0
145,surt,83,LY,1598271931,64,31.21,16.59,84.49,12.68
146,massakory,81,TD,1598271932,58,13.0,15.73,86.72,9.75
147,geraldton,0,AU,1598271926,87,-28.77,114.6,53.6,4.7
148,edd,86,ER,1598271932,46,13.93,41.69,96.6,14.92
149,boyolangu,28,ID,1598271932,89,-8.12,111.89,73.22,5.26
150,nelson bay,8,AU,1598271932,75,-32.72,152.15,45.0,8.05
151,hasaki,75,JP,1598271933,94,35.73,140.83,77.0,6.93
152,outlook,32,CA,1598271933,71,51.5,-107.05,55.36,7.65
153,necochea,1,AR,1598271933,84,-38.55,-58.74,54.0,13.0
154,airai,4,TL,1598271933,68,-8.93,125.41,56.07,4.47
155,uyemskiy,75,RU,1598271933,93,64.47,40.85,57.2,4.47
156,tiznit,7,MA,1598271934,12,29.58,-9.5,103.62,6.55
157,corn island,4,NI,1598271934,79,12.17,-83.04,81.39,10.83
158,trinidad,0,BO,1598271934,100,-14.83,-64.9,62.6,3.6
159,yellowknife,20,CA,1598271934,93,62.46,-114.35,48.0,5.82
160,sambava,97,MG,1598271934,85,-14.27,50.17,73.13,9.84
161,saint-pierre,18,RE,1598271935,64,-21.34,55.48,75.2,20.8
162,ingleside,1,US,1598271935,94,27.88,-97.21,78.01,4.7
163,ubinskoye,95,RU,1598271935,72,55.31,79.68,63.54,7.14
164,beira,20,MZ,1598271935,65,-19.84,34.84,78.8,12.75
165,nishihara,75,JP,1598271936,94,26.18,127.76,82.4,28.86
166,virginia beach,75,US,1598271936,83,36.85,-75.98,77.0,10.29
167,canico,20,PT,1598271936,54,32.63,-16.85,80.6,19.46
168,teya,91,RU,1598271936,69,60.38,92.63,63.59,2.26
169,tongliao,37,CN,1598271816,81,43.61,122.27,69.17,6.35
170,abeche,90,TD,1598271937,59,13.83,20.83,86.0,4.7
171,strezhevoy,40,RU,1598271937,72,60.73,77.59,60.8,4.47
172,bonavista,67,CA,1598271937,85,48.65,-53.11,59.0,5.99
173,pula,6,HR,1598271937,39,44.87,13.85,84.0,19.46
174,kruisfontein,100,ZA,1598271937,91,-34.0,24.73,59.0,3.0
175,bambous virieux,40,MU,1598271938,69,-20.34,57.76,75.0,16.11
176,provideniya,81,RU,1598271938,92,64.38,-173.3,47.98,2.75
177,pobe,100,BJ,1598271938,62,6.98,2.66,83.75,7.72
178,marzuq,59,YE,1598271938,26,14.4,46.47,94.89,10.13
179,dogondoutchi,100,NE,1598271939,73,13.64,4.03,80.73,15.7
180,berdigestyakh,36,RU,1598271939,76,62.1,126.7,41.83,5.3
181,russell,90,US,1598271939,94,32.35,-85.2,75.2,3.96
182,poum,10,NC,1598271939,79,-20.23,164.02,71.26,20.13
183,bilma,30,NE,1598271939,25,18.69,12.92,99.27,5.39
184,sidmouth,40,GB,1598271690,64,50.69,-3.24,72.0,11.41
185,ribeira grande,75,PT,1598271940,83,38.52,-28.7,75.2,13.87
186,salalah,90,OM,1598271940,94,17.02,54.09,78.8,10.29
187,east london,75,ZA,1598271940,88,-33.02,27.91,62.6,13.87
188,coahuayana,90,MX,1598271941,88,18.73,-103.68,71.6,2.51
189,codajas,0,BR,1598271941,51,-3.84,-62.06,77.86,3.02
190,oriximina,25,BR,1598271941,59,-1.77,-55.87,83.66,1.74
191,nouadhibou,21,MR,1598271941,61,20.93,-17.03,82.4,8.05
192,bethel,90,US,1598271685,94,41.37,-73.41,72.0,1.07
193,wanaka,71,NZ,1598271729,76,-44.7,169.15,41.29,3.65
194,los llanos de aridane,20,ES,1598271942,65,28.66,-17.92,80.6,17.22
195,luwuk,54,ID,1598271802,80,-0.95,122.79,77.29,4.79
196,hovd,97,MN,1598271942,30,48.01,91.64,70.29,1.63
197,amarante do maranhao,23,BR,1598271942,81,-5.57,-46.74,74.59,4.52
198,jackson,1,US,1598271943,67,42.42,-122.83,62.6,1.07
199,palana,98,RU,1598271943,90,59.12,159.97,43.2,7.67
200,talnakh,40,RU,1598271943,68,69.49,88.4,64.4,17.9
201,leirvik,75,NO,1598271943,87,59.78,5.5,55.99,4.7
202,brainerd,1,US,1598271682,93,46.36,-94.2,66.2,3.36
203,sao joao da barra,11,BR,1598271944,56,-21.64,-41.05,71.6,16.11
204,kautokeino,99,NO,1598271944,82,69.01,23.04,50.95,2.44
205,eydhafushi,93,MV,1598271944,68,5.1,73.07,83.91,6.91
206,tomar,27,PT,1598271944,42,39.6,-8.41,96.01,4.34
207,svetlaya,99,RU,1598271945,92,46.54,138.33,63.82,2.33
208,awjilah,0,LY,1598271945,21,29.11,21.29,96.08,12.03
209,katangli,88,RU,1598271945,96,51.71,143.23,52.68,13.76
210,pontianak,91,ID,1598271945,89,-0.03,109.33,77.99,3.69
211,dikson,0,RU,1598271945,85,73.51,80.55,46.65,14.72
212,aklavik,20,CA,1598271946,93,68.22,-135.01,51.8,3.36
213,anupgarh,61,IN,1598271946,37,29.19,73.21,100.36,14.97
214,luderitz,0,NA,1598271946,53,-26.65,15.16,65.59,9.66
215,flinders,13,AU,1598271946,60,-34.58,150.86,50.0,7.0
216,ambilobe,54,MG,1598271947,46,-13.2,49.05,83.5,2.17
217,richards bay,3,ZA,1598271947,61,-28.78,32.04,74.25,9.78
218,ladario,0,BR,1598271947,50,-19.0,-57.6,78.8,11.41
219,pervomayskoye,66,RU,1598271947,24,43.92,46.71,80.15,5.93
220,araxa,22,BR,1598271947,67,-19.59,-46.94,60.8,11.41
221,vestmannaeyjar,40,IS,1598271948,87,63.44,-20.27,51.8,17.22
222,porto novo,40,BJ,1598271948,78,6.5,2.6,80.6,16.11
223,forbes,78,AU,1598271948,64,-33.38,148.02,46.99,3.06
224,ulaangom,61,MN,1598271948,45,49.98,92.07,66.42,4.97
225,pindiga,99,NG,1598271850,82,9.98,10.93,75.36,12.35
226,khromtau,0,KZ,1598271949,36,50.25,58.43,70.57,13.24
227,esperance,55,AU,1598271949,100,-33.87,121.9,51.8,3.36
228,itanhem,100,BR,1598271949,75,-17.17,-40.33,63.73,8.3
229,bonthe,100,SL,1598271949,90,7.53,-12.51,75.92,13.65
230,biak,51,ID,1598271949,83,-0.91,122.88,76.68,5.75
231,agadez,7,NE,1598271950,26,19.75,10.25,98.35,3.98
232,phan thiet,38,VN,1598271950,82,10.93,108.1,81.46,11.41
233,zharkent,62,KZ,1598271950,15,44.16,80.0,96.42,11.72
234,galich,98,RU,1598271950,74,58.38,42.35,69.03,7.29
235,malaya vishera,44,RU,1598271951,54,58.85,32.22,71.6,11.05
236,khilok,100,RU,1598271951,90,51.37,110.47,54.27,4.52
237,forest acres,90,US,1598271933,88,34.02,-80.99,77.0,4.27
238,xuddur,74,SO,1598271951,35,4.12,43.89,88.5,20.4
239,ahipara,88,NZ,1598271951,83,-35.17,173.17,55.26,15.7
240,atasu,93,KZ,1598271952,76,48.68,71.64,59.07,23.98
241,mikhaylovka,36,RU,1598271952,28,50.06,43.24,82.99,7.0
242,touros,40,BR,1598271952,74,-5.2,-35.46,78.8,6.93
243,kirakira,95,SB,1598271952,76,-10.45,161.92,79.97,4.14
244,mogadishu,10,SO,1598271952,65,2.04,45.34,82.4,17.22
245,tiksi,21,RU,1598271953,83,71.69,128.87,38.43,13.51
246,napier,52,NZ,1598271943,64,-39.48,176.92,52.0,1.99
247,aripuana,0,BR,1598271953,44,-9.17,-60.63,77.23,2.91
248,kahului,40,US,1598271743,61,20.89,-156.47,80.6,10.29
249,willowmore,79,ZA,1598271953,44,-33.29,23.49,61.18,4.18
250,krasnyy yar,14,RU,1598271954,21,46.53,48.35,80.6,4.47
251,nago,90,JP,1598271827,94,26.59,127.98,80.6,16.11
252,broken hill,43,AU,1598271954,53,-31.95,141.43,50.0,10.29
253,namibe,35,AO,1598271954,68,-15.2,12.15,72.91,11.41
254,padang,51,ID,1598271955,77,-0.95,100.35,81.61,3.38
255,sarangani,97,PH,1598271955,68,5.4,125.46,84.27,6.49
256,ostrovnoy,53,RU,1598271955,70,68.05,39.51,62.2,20.09
257,mbeya,60,TZ,1598271752,36,-8.9,33.45,75.25,3.53
258,saint anthony,20,US,1598271955,77,45.02,-93.22,72.0,8.05
259,qaanaaq,100,GL,1598271956,88,77.48,-69.36,34.88,3.15
260,san patricio,96,MX,1598271957,90,19.22,-104.7,77.34,4.43
261,chokurdakh,100,RU,1598271957,86,70.63,147.92,35.15,8.46
262,kyren,83,RU,1598271957,63,51.68,102.14,59.86,1.95
263,celestun,83,MX,1598271957,83,20.87,-90.4,76.23,5.99
264,sechura,29,PE,1598271958,81,-5.56,-80.82,61.27,13.82
265,quatre cocos,40,MU,1598271958,69,-20.21,57.76,75.0,16.11
266,nemuro,22,JP,1598271958,93,43.32,145.57,62.67,10.25
267,tateyama,0,JP,1598271958,82,34.98,139.87,82.0,9.57
268,menongue,54,AO,1598271958,11,-14.66,17.69,94.86,3.42
269,bengkulu,11,ID,1598271782,79,-3.8,102.27,81.18,11.86
270,akyab,100,MM,1598271959,85,20.15,92.9,80.8,18.3
271,caravelas,99,BR,1598271960,69,-17.71,-39.25,70.68,12.75
272,sangar,3,RU,1598271960,74,63.92,127.47,43.14,2.84
273,havre-saint-pierre,1,CA,1598271960,72,50.23,-63.6,59.0,6.93
274,sabang,33,ID,1598271960,73,5.89,95.32,84.31,11.25
275,kandi,100,BJ,1598271960,93,11.13,2.94,73.71,4.36
276,mudanjiang,100,CN,1598271961,92,44.58,129.6,67.05,9.28
277,ranot,24,TH,1598271961,69,7.78,100.32,84.81,7.36
278,mount gambier,75,AU,1598271961,93,-37.83,140.77,39.2,5.82
279,tikapur,20,NP,1598271961,66,28.5,81.13,90.64,1.86
280,boa vista,90,BR,1598271962,78,2.82,-60.67,77.0,2.24
281,constitucion,85,CL,1598271962,79,-35.33,-72.42,51.01,15.93
282,leningradskiy,100,RU,1598271962,92,69.38,178.42,42.85,6.31
283,ariogala,3,LT,1598271963,49,55.27,23.47,73.4,13.87
284,deputatskiy,93,RU,1598271963,96,69.3,139.9,30.52,5.64
285,camargo,0,MX,1598271963,58,27.67,-105.17,67.59,1.43
286,hay river,75,CA,1598271963,93,60.82,-115.8,51.8,4.7
287,young,0,UY,1598271963,65,-32.68,-57.63,61.0,4.0
288,tignere,100,CM,1598271964,90,7.37,12.65,69.76,1.59
289,lasa,40,IT,1598271964,52,46.62,10.7,66.2,5.82
290,healdsburg,20,US,1598271964,82,38.61,-122.87,63.0,3.36
291,banjar,40,ID,1598271964,100,-8.19,114.97,78.8,9.17
292,yulara,1,AU,1598271965,24,-25.24,130.99,68.0,2.24
293,vredendal,32,ZA,1598271965,30,-31.67,18.5,72.18,4.0
294,buraydah,0,SA,1598271965,19,26.33,43.98,109.4,4.7
295,port arthur,75,CN,1598271965,94,38.8,121.27,75.2,4.47
296,sorong,100,ID,1598271966,83,-0.88,131.25,78.93,8.52
297,grand-santi,57,GF,1598271966,88,4.25,-54.38,77.11,1.68
298,huarmey,66,PE,1598271966,81,-10.07,-78.15,60.85,4.68
299,emba,64,KZ,1598271966,32,48.83,58.14,74.73,12.86
300,severo-kurilsk,76,RU,1598271966,93,50.68,156.12,50.83,3.98
301,rincon,75,US,1598271967,88,32.3,-81.24,78.8,4.7
302,omboue,97,GA,1598271967,65,-1.57,9.26,78.93,8.68
303,sept-iles,20,CA,1598271967,63,50.2,-66.38,60.8,5.82
304,ulladulla,68,AU,1598271967,57,-35.35,150.47,48.2,11.41
305,seoul,1,KR,1598271779,78,37.57,126.98,82.4,7.92
306,qui nhon,79,VN,1598271968,81,13.77,109.23,82.99,11.95
307,eslamshahr,20,IR,1598271968,13,35.56,51.23,91.4,11.41
308,maningrida,47,AU,1598271968,53,-12.07,134.27,73.89,13.04
309,abbotsford,90,CA,1598271968,93,49.06,-122.25,57.0,2.24
310,kutum,97,SD,1598271968,61,14.2,24.67,76.14,5.66
311,yumen,38,CN,1598271969,15,40.28,97.2,83.16,12.55
312,rio pomba,75,BR,1598271969,71,-21.27,-43.18,55.4,8.05
313,mezen,68,RU,1598271969,71,65.85,44.24,66.72,8.97
314,clyde river,100,CA,1598271969,93,70.47,-68.59,40.8,6.87
315,xingcheng,53,CN,1598271764,87,40.62,120.72,70.7,3.02
316,bud,75,US,1598271970,88,39.45,-86.18,72.0,6.58
317,mumbwa,17,ZM,1598271970,14,-14.98,27.06,87.53,4.03
318,benito juarez,90,MX,1598271970,67,19.39,-99.17,60.8,9.17
319,hajnowka,0,PL,1598271970,51,52.74,23.58,75.99,1.01
320,santa rosa,63,PH,1598271970,74,14.31,121.11,86.0,12.75
321,disna,6,BY,1598271971,59,55.57,28.2,71.94,11.41
322,damietta,0,EG,1598271971,62,31.42,31.81,87.8,6.93
323,jeremie,100,HT,1598271972,76,18.65,-74.12,82.06,6.24
324,bandrele,14,YT,1598271972,61,-12.91,45.19,82.4,10.29
325,abu kamal,0,SY,1598271972,9,34.45,40.92,102.06,11.25
326,tilichiki,2,RU,1598271972,81,60.47,166.1,40.42,8.72
327,banfora,95,BF,1598271973,75,10.63,-4.77,80.13,7.36
328,azad shahr,20,IR,1598271973,16,34.79,48.57,84.2,6.93
329,nome,90,US,1598271973,87,64.5,-165.41,51.8,4.7
330,kudahuvadhoo,60,MV,1598271973,63,2.67,72.89,84.33,1.95
331,manavgat,0,TR,1598271973,38,36.79,31.44,91.4,17.22
332,tromso,90,NO,1598271766,81,69.65,18.96,50.0,9.17
333,korla,1,CN,1598271974,13,41.76,86.15,95.88,13.51
334,gravdal,75,NO,1598271975,76,68.12,13.5,53.6,10.29
335,phanat nikhom,69,TH,1598271975,59,13.45,101.18,93.0,5.14
336,hurricane,62,US,1598271975,86,37.18,-113.29,71.01,1.7
337,roma,1,US,1598271718,82,43.21,-75.46,68.0,2.84
338,chuy,0,UY,1598271976,80,-33.7,-53.46,59.04,12.93
339,comodoro rivadavia,90,AR,1598271976,65,-45.87,-67.5,44.6,8.05
340,changde,36,CN,1598271976,86,29.05,111.68,81.73,12.28
341,puerto baquerizo moreno,37,EC,1598271976,85,-0.9,-89.6,65.23,11.56
342,the valley,20,AI,1598271976,78,18.22,-63.06,84.2,10.29
343,novobelokatay,44,RU,1598271977,66,55.71,58.95,66.06,8.05
344,alekseyevsk,77,RU,1598271977,55,57.84,108.35,66.31,3.89
345,chara,100,RU,1598271977,64,56.91,118.26,55.72,5.86
346,margate,84,GB,1598271977,71,51.38,1.39,71.01,11.99
347,sukabumi,76,ID,1598271969,71,-6.92,106.93,79.0,1.99
348,kamaishi,6,JP,1598271978,89,39.27,141.88,72.03,4.56
349,sao jose da coroa grande,6,BR,1598271978,63,-8.9,-35.15,78.12,5.91
350,dumas,1,US,1598271978,48,35.87,-101.97,68.0,7.92
351,saint-francois,23,FR,1598271978,41,46.42,3.91,79.0,6.93
352,polyarnyye zori,66,RU,1598271978,55,67.37,32.5,64.42,8.59
353,dzaoudzi,12,YT,1598271979,61,-12.79,45.27,82.4,10.29
354,santa maria,0,BR,1598271979,59,-29.68,-53.81,60.8,13.87
355,culfa,20,AZ,1598271979,31,38.96,45.63,77.0,4.7
356,baiyin,20,CN,1598271979,42,36.56,104.21,78.01,4.47
357,jutai,0,BR,1598271979,72,-5.18,-68.9,71.94,1.28
358,vattalkundu,40,IN,1598271980,46,10.17,77.77,93.2,4.7
359,vardo,75,NO,1598271980,93,70.37,31.11,53.6,11.41
360,araceli,1,PH,1598271980,71,10.55,119.99,84.29,6.55
361,cap malheureux,30,MU,1598271980,66,-19.98,57.61,75.0,11.99
362,brae,20,GB,1598271981,82,60.4,-1.35,55.4,10.29
363,neuruppin,40,DE,1598271981,49,52.93,12.8,72.0,16.11
364,candido mendes,96,BR,1598271981,78,-1.45,-45.72,80.92,7.9
365,santa cruz,0,BO,1598271906,72,-17.8,-63.17,66.2,16.11
366,hearst,80,CA,1598271982,93,49.68,-83.67,61.5,6.78
367,lanivtsi,100,UA,1598271982,73,49.86,26.09,72.5,1.05
368,samarai,100,PG,1598271983,87,-10.62,150.67,76.78,19.44
369,hami,28,CN,1598271983,14,42.8,93.45,92.43,10.0
370,suntar,0,RU,1598271983,68,62.14,117.63,50.65,5.26
371,praia,75,CV,1598271983,74,14.92,-23.51,84.2,8.05
372,albury,90,AU,1598271808,87,-36.08,146.92,44.6,3.36
373,magadan,59,RU,1598271984,64,59.57,150.8,45.48,6.22
374,tampin,20,MY,1598271869,83,2.47,102.23,86.0,3.36
375,bukama,44,CD,1598271985,22,-9.2,25.85,94.26,5.68
376,vanimo,100,PG,1598271985,87,-2.67,141.3,75.99,5.99
377,niquero,100,CU,1598271985,83,20.04,-77.58,78.66,22.48
378,crystal beach,0,CA,1598271986,97,42.87,-79.06,73.0,1.99
379,dax,75,FR,1598271986,47,43.75,-1.17,78.01,3.36
380,fougeres,75,FR,1598271986,59,48.35,-1.2,66.99,8.05
381,falam,99,MM,1598271986,100,22.92,93.68,65.41,1.19
382,vigrestad,37,NO,1598271986,85,58.57,5.7,54.0,3.0
383,dhidhdhoo,91,MV,1598271987,76,6.88,73.1,82.96,12.28
384,ziro,95,IN,1598271987,100,27.63,93.83,64.72,2.53
385,jalu,0,LY,1598271987,21,29.03,21.55,96.37,12.57
386,fortuna,90,US,1598271987,100,40.6,-124.16,55.99,0.85
387,bichura,81,RU,1598271987,80,50.59,107.6,55.99,2.15
388,morondava,0,MG,1598271907,70,-20.28,44.28,77.43,11.12
389,tarata,20,BO,1598271988,54,-17.62,-66.02,53.6,4.85
390,bathsheba,40,BB,1598271988,66,13.22,-59.52,86.0,16.11
391,chumikan,100,RU,1598271988,86,54.72,135.31,54.37,11.25
392,serebryanyy bor,100,RU,1598271988,70,56.8,124.8,51.51,2.64
393,yar-sale,75,RU,1598271989,67,66.83,70.83,59.86,12.8
394,normal,1,US,1598271989,100,40.51,-88.99,69.01,4.7
395,cabra,0,ES,1598271989,32,37.47,-4.44,93.0,9.22
396,ipojuca,20,BR,1598271989,61,-8.4,-35.06,80.6,11.41
397,salym,83,RU,1598271989,74,60.06,71.48,60.73,9.01
398,angoche,96,MZ,1598271990,66,-16.23,39.91,76.59,6.55
399,lipin bor,100,RU,1598271990,75,60.26,37.98,66.43,8.25
400,walvis bay,0,NA,1598271703,67,-22.96,14.51,60.8,5.82
401,ust-nera,99,RU,1598271769,63,64.57,143.2,41.67,6.71
402,pangnirtung,90,CA,1598271991,100,66.15,-65.71,39.2,2.24
403,chambas,40,CU,1598271991,78,22.19,-78.91,80.6,14.99
404,kanker,92,IN,1598271991,69,20.27,81.49,85.01,6.82
405,waddan,0,LY,1598271991,31,29.16,16.14,93.76,11.32
406,mitchell,1,US,1598271991,88,43.71,-98.03,73.4,8.05
407,sukumo,10,JP,1598271943,89,32.93,132.73,78.03,1.57
408,husavik,97,IS,1598271992,62,66.04,-17.34,53.6,2.24
409,datong,0,CN,1598271711,49,40.09,113.29,71.26,4.07
410,maniitsoq,100,GL,1598271992,85,65.42,-52.9,44.24,4.54
411,elbrus,5,RU,1598271993,39,43.26,42.64,61.61,3.8
412,coolum beach,0,AU,1598271993,84,-26.53,153.1,50.0,1.99
413,gerash,27,IR,1598271993,18,27.67,54.14,107.6,9.17
414,avila,6,ES,1598271993,23,40.58,-5.0,84.99,1.01
415,tetiz,75,MX,1598271993,100,20.97,-89.93,75.0,3.36
416,isabela,20,PH,1598271994,83,6.71,121.97,80.6,2.24
417,mahajanga,20,MG,1598271994,33,-15.72,46.32,91.4,6.93
418,otjiwarongo,0,NA,1598271994,14,-20.46,16.65,82.54,8.03
419,cedar city,1,US,1598271994,67,37.68,-113.06,62.6,6.93
420,guarda,51,PT,1598271994,32,40.54,-7.27,88.0,4.0
421,tomaszow mazowiecki,4,PL,1598271995,56,51.53,20.01,75.0,10.94
422,priiskovyy,100,RU,1598271995,85,51.93,116.63,56.61,3.33
423,san quintin,2,MX,1598271995,87,30.48,-115.95,71.87,9.75
424,miyazu,0,JP,1598271995,86,35.53,135.18,75.29,1.5
425,tera,100,NE,1598271995,72,14.01,0.75,79.9,5.88
426,mwingi,93,KE,1598271996,42,-0.93,38.06,79.59,9.78
427,nalut,0,LY,1598271996,14,30.33,10.85,97.43,12.21
428,tuatapere,63,NZ,1598271996,92,-46.13,167.68,51.01,7.0
429,guerrero negro,0,MX,1598271996,81,27.98,-114.06,72.3,13.78
430,volsk,0,RU,1598271997,36,52.03,47.38,77.99,5.35
431,scarborough,78,GB,1598271997,78,54.28,-0.4,63.0,1.01
432,buenaventura,98,CO,1598271997,90,3.88,-77.03,74.75,2.06
433,teguldet,42,RU,1598271997,88,57.31,88.17,62.73,3.18
434,mocuba,84,MZ,1598271997,33,-16.84,36.99,88.5,3.13
435,saldanha,20,ZA,1598271998,72,-33.01,17.94,66.2,11.41
436,bonfim,95,BR,1598271998,76,3.08,-59.95,78.78,2.15
437,juneau,90,US,1598271998,93,58.3,-134.42,55.0,2.66
438,solnechnyy,100,RU,1598271998,90,50.72,136.63,59.4,1.45
439,kirkwall,40,GB,1598271841,76,58.98,-2.96,55.4,13.87
440,asfi,23,MA,1598271999,48,32.3,-9.24,82.53,19.26
441,bakchar,49,RU,1598271999,84,57.02,82.07,63.59,2.15
442,mnogovershinnyy,99,RU,1598272000,84,53.94,139.92,50.25,3.85
443,bouna,100,CI,1598272000,62,9.27,-3.0,83.66,8.48
444,bambanglipuro,35,ID,1598271893,84,-7.95,110.28,75.49,8.21
445,coihaique,90,CL,1598272000,94,-45.58,-72.07,33.8,3.36
446,manihari,74,IN,1598272001,69,25.35,87.63,88.79,5.66
447,sao sebastiao,41,BR,1598271847,72,-23.76,-45.41,65.95,4.47
448,safaga,0,EG,1598272001,30,26.73,33.94,98.6,4.7
449,eureka,94,US,1598272001,100,40.8,-124.16,55.99,0.29
450,muniz freire,70,BR,1598272001,75,-20.46,-41.41,58.68,4.9
451,kindu,98,CD,1598272002,75,-2.95,25.95,77.29,2.28
452,ginda,75,IN,1598272002,88,30.69,78.49,82.4,2.37
453,port hardy,75,CA,1598272002,93,50.7,-127.42,53.6,6.93
454,lagoa,7,PT,1598272002,88,39.05,-27.98,73.36,21.39
455,xining,35,CN,1598272002,63,36.62,101.77,57.4,1.79
456,tautira,20,PF,1598272003,88,-17.73,-149.15,73.4,2.24
457,eskil,0,TR,1598272003,14,38.4,33.41,85.41,9.06
458,oranjemund,7,NA,1598272004,68,-28.55,16.43,60.15,10.85
459,fort nelson,75,CA,1598272004,100,58.81,-122.7,50.0,2.24
460,klaksvik,95,FO,1598272004,76,62.23,-6.59,51.8,11.41
461,roald,75,NO,1598272004,71,62.58,6.13,51.8,18.34
462,cayenne,27,GF,1598272004,88,4.93,-52.33,80.6,2.24
463,chardara,76,KZ,1598271769,23,41.25,67.97,92.66,18.21
464,vangaindrano,0,MG,1598272005,65,-23.35,47.6,76.28,11.1
465,vostok,100,RU,1598272005,99,46.49,135.88,59.38,5.32
466,batemans bay,64,AU,1598272006,92,-35.72,150.18,50.0,1.01
467,hwange,8,ZW,1598272006,19,-18.37,26.5,86.04,6.76
468,brody,65,UA,1598272006,63,50.09,25.15,74.5,5.21
469,oussouye,40,SN,1598272006,84,12.48,-16.55,87.8,4.7
470,tura,69,IN,1598271769,93,25.52,90.22,79.29,2.51
471,port hedland,20,AU,1598272007,64,-20.32,118.57,69.8,6.93
472,sorland,75,NO,1598272007,76,67.67,12.69,53.6,10.29
473,areka,66,ET,1598272007,72,7.07,37.7,71.2,4.32
474,qianan,42,CN,1598272007,92,44.99,124.06,66.6,3.04
475,hambantota,40,LK,1598272007,74,6.12,81.12,87.8,12.75
476,linhares,18,BR,1598272008,65,-19.39,-40.07,68.13,10.83
477,elk plain,20,US,1598272008,100,47.05,-122.4,53.01,1.61
478,kumluca,0,TR,1598272008,37,36.37,30.29,89.82,9.8
479,along,40,IN,1598272008,85,28.17,94.77,79.95,2.08
480,jardim,0,BR,1598272008,64,-21.48,-56.14,67.17,7.87
481,shihezi,64,CN,1598272009,13,44.3,86.03,92.91,9.55
482,cidreira,0,BR,1598272009,74,-30.18,-50.21,62.28,16.44
483,hudson bay,13,CA,1598272009,88,52.85,-102.38,50.23,1.68
484,marsabit,54,KE,1598272009,39,2.33,37.99,79.92,17.47
485,beruwala,56,LK,1598272009,74,6.48,79.98,82.71,8.12
486,sitka,90,US,1598272010,93,57.05,-135.33,53.6,5.82
487,verkhnyaya maksakovka,90,RU,1598272010,88,61.63,50.97,66.2,2.24
488,jasper,1,US,1598272011,82,37.2,-94.35,69.01,4.7
489,puerto leguizamo,0,CO,1598272011,89,-0.19,-74.78,69.73,0.45
490,verkh-usugli,100,RU,1598272011,90,52.7,115.17,49.15,5.82
491,sinnamary,29,GF,1598272011,82,5.38,-52.95,80.73,7.23
492,kuching,20,MY,1598272011,78,1.55,110.33,82.4,3.36
493,magalia,1,US,1598272012,47,39.81,-121.58,77.0,4.88
494,cockburn town,40,TC,1598272012,78,21.46,-71.14,82.4,92.16
495,rapid valley,1,US,1598272012,77,44.06,-103.15,63.0,16.11
496,plettenberg bay,100,ZA,1598272012,70,-34.05,23.37,61.86,7.94
497,ixtapa,90,MX,1598272012,94,20.7,-105.2,75.2,3.36
498,jaque,93,PA,1598272013,84,7.52,-78.17,77.9,5.39
499,westport,75,US,1598272013,94,41.14,-73.36,75.99,1.59
500,casimcea,1,RO,1598272013,48,44.73,28.37,86.0,14.99
501,stutterheim,75,ZA,1598272014,88,-32.57,27.42,62.6,13.87
502,uaua,39,BR,1598272014,55,-9.84,-39.48,78.01,14.41
503,isangel,26,VU,1598272014,94,-19.55,169.27,73.4,10.29
504,tomatlan,100,MX,1598272015,95,19.93,-105.25,76.39,1.41
505,naze,20,JP,1598271734,83,28.37,129.48,84.2,16.11
506,knysna,75,ZA,1598272015,77,-34.04,23.05,60.8,6.93
507,staritsa,100,RU,1598271955,84,56.51,34.94,67.68,8.1
508,bandarbeyla,60,SO,1598272015,51,9.49,50.81,85.69,31.05
509,bosaso,29,SO,1598272016,66,11.28,49.18,91.4,17.22
510,santa rosalia,2,MX,1598272016,51,27.32,-112.28,85.12,1.28
511,pangai,20,TO,1598272016,88,-19.8,-174.35,75.2,13.87
512,tual,19,ID,1598272013,82,-5.67,132.75,79.83,20.76
513,marsh harbour,0,BS,1598272017,80,26.54,-77.06,84.79,24.94
514,malkapur,22,IN,1598272017,75,20.88,76.2,83.82,14.03
515,zhigansk,5,RU,1598272018,71,66.77,123.37,43.68,4.21
516,sawakin,83,SD,1598272018,32,19.11,37.33,99.61,12.03
517,khasan,100,RU,1598272019,94,42.43,130.64,70.07,15.14
518,iquitos,0,PE,1598272019,100,-3.75,-73.25,66.2,0.92
519,borda da mata,49,BR,1598272019,56,-22.27,-46.17,61.0,4.0
520,salinopolis,49,BR,1598272019,77,-0.61,-47.36,81.91,12.3
521,palauig,97,PH,1598272019,80,15.44,119.9,82.09,2.59
522,camacupa,52,AO,1598272020,15,-12.02,17.48,96.53,1.66
523,selfoss,85,IS,1598272020,69,63.93,-21.0,55.99,1.21
524,narsaq,90,GL,1598272020,87,60.92,-46.05,44.6,3.36
525,ramgarh,40,IN,1598271997,78,23.63,85.52,82.4,5.82
526,lompoc,90,US,1598272021,93,34.64,-120.46,60.8,3.36
527,pirovskoye,92,RU,1598272021,88,57.63,92.27,60.12,2.53
528,karratha,0,AU,1598271853,42,-20.74,116.85,78.91,9.78
529,netanya,0,IL,1598271842,41,32.33,34.86,91.99,12.75
530,labuhan,0,ID,1598272021,70,-6.88,112.21,81.3,13.42
531,te anau,82,NZ,1598272022,88,-45.42,167.72,43.48,0.13
532,dunedin,100,NZ,1598272022,91,-45.87,170.5,50.0,1.01
533,college,90,US,1598272022,100,64.86,-147.8,53.01,3.36
534,conde,40,BR,1598272022,65,-7.26,-34.91,80.6,11.41
535,basco,100,PH,1598272022,79,20.45,121.97,84.24,31.14
536,guigue,98,VE,1598272023,83,10.09,-67.78,73.65,1.03
537,berlevag,75,NO,1598272023,76,70.86,29.09,55.4,23.04
538,qaqortoq,90,GL,1598272023,87,60.72,-46.03,44.6,3.36
539,taoudenni,0,ML,1598272023,6,22.68,-3.98,109.96,7.09
540,chapais,75,CA,1598272023,81,49.78,-74.85,53.6,3.36
541,rio gallegos,0,AR,1598271829,80,-51.62,-69.22,30.2,16.11
542,turnu rosu,40,RO,1598272024,68,45.63,24.3,72.0,4.7
543,moerai,0,PF,1598272024,63,-22.43,-151.33,69.89,8.61
544,andenes,75,NO,1598272024,76,69.31,16.12,53.6,9.17
545,tarauaca,38,BR,1598272025,77,-8.16,-70.77,69.31,1.21
546,maple creek,0,CA,1598272025,53,49.92,-109.48,57.34,5.14
547,sibu,20,MY,1598272025,88,2.3,111.82,84.0,4.7
548,amga,88,RU,1598272025,66,60.9,131.96,48.76,6.22
549,dandong,97,CN,1598272025,95,40.13,124.39,74.7,19.6
550,tonj,97,SS,1598272026,70,7.27,28.68,82.47,4.41
551,monrovia,75,LR,1598272026,83,6.3,-10.8,80.6,8.05
552,puerto narino,75,CO,1598272026,100,-3.77,-70.38,64.4,0.69
553,deer lake,40,CA,1598272026,82,49.17,-57.43,60.8,4.7
554,arcos,50,BR,1598272027,59,-20.28,-45.54,62.22,7.72
555,xam nua,67,LA,1598272027,90,20.42,104.04,70.92,2.95
556,flagstaff,1,US,1598272027,67,35.2,-111.65,62.01,3.36
557,ugoofaaru,100,MV,1598272027,68,5.67,73.0,84.88,9.73
558,manaus,75,BR,1598272027,88,-3.1,-60.02,77.0,6.93
559,yeppoon,0,AU,1598272028,66,-23.13,150.73,53.6,1.36
560,shamary,93,RU,1598272029,63,57.34,58.22,65.57,6.02
561,gilbues,7,BR,1598272029,48,-9.83,-45.34,80.58,11.39
562,tirumullaivasal,100,IN,1598271753,76,11.23,79.83,84.58,12.01
563,grindavik,67,IS,1598272029,58,63.84,-22.43,55.4,4.7
564,kieta,54,PG,1598272029,80,-6.22,155.63,78.21,3.09
565,teeli,90,RU,1598272030,43,51.03,90.23,65.21,11.39
566,aksu,0,CN,1598272030,14,41.12,80.26,95.41,2.51
567,chipata,56,ZM,1598272030,33,-13.63,32.65,78.21,4.32
568,kropotkin,0,RU,1598272030,18,45.44,40.58,86.07,10.78
569,phibun mangsahan,20,TH,1598272030,100,15.24,105.23,89.01,6.24
570,matara,22,LK,1598272031,73,5.95,80.54,83.34,10.85
571,san cristobal,40,VE,1598272031,58,7.77,-72.22,82.4,19.46
572,okhotsk,37,RU,1598272031,69,59.38,143.3,51.06,7.54
573,sydney,3,AU,1598271815,53,-33.87,151.21,51.01,10.29
574,port augusta,1,AU,1598272031,76,-32.5,137.77,51.8,6.93
575,karakol,40,KG,1598272032,32,42.49,78.39,76.26,3.87
576,dzidzantun,80,MX,1598272032,97,21.25,-89.05,74.62,1.7
577,vilhena,0,BR,1598272032,60,-12.74,-60.15,75.2,3.36
578,dali,100,CN,1598272032,85,25.7,100.18,65.64,0.45
579,christchurch,100,NZ,1598271853,100,-43.53,172.63,50.0,5.82
580,punta alta,21,AR,1598272033,69,-38.88,-62.07,52.36,7.49
581,shache,0,CN,1598271978,8,38.42,77.24,100.17,9.89
582,haljala,23,EE,1598272034,55,59.43,26.26,68.18,13.11
583,baherden,45,TM,1598272034,27,38.44,57.43,85.96,18.03
584,galesong,20,ID,1598272034,39,-5.32,119.37,80.6,4.7
585,vechta,75,DE,1598272034,72,52.72,8.28,64.99,12.75
586,meulaboh,98,ID,1598272034,85,4.14,96.13,79.86,3.49
587,kenai,1,US,1598272035,76,60.55,-151.26,55.99,10.29
588,campbellsville,1,US,1598271912,100,37.34,-85.34,68.0,3.42
589,alta floresta,37,BR,1598272035,31,-9.88,-56.09,86.74,2.75
590,kyzyl-suu,42,KG,1598272035,37,42.34,78.0,74.5,2.93
591,falun,40,SE,1598272035,48,60.6,15.63,60.8,5.82
592,las palmas,0,ES,1598272036,69,28.42,-14.01,80.6,12.75
593,muros,69,ES,1598272036,51,42.78,-9.06,80.01,5.99
594,ambatofinandrahana,0,MG,1598272036,21,-20.55,46.8,75.99,1.77
595,le port,20,RE,1598272036,57,-20.94,55.29,77.0,23.04
596,lashio,100,MM,1598272036,99,22.93,97.75,70.83,2.95
597,floriano,35,BR,1598272037,45,-6.77,-43.02,84.61,9.55
598,champerico,90,GT,1598272037,94,14.3,-91.92,75.2,4.45
599,pangody,96,RU,1598272038,68,65.85,74.49,59.25,16.69
600,evensk,100,RU,1598272038,67,61.95,159.23,46.96,0.69
601,shimoda,11,JP,1598272038,86,34.67,138.95,73.99,4.68
602,oktyabrskiy,60,RU,1598272038,59,54.48,53.47,72.91,7.7
603,haldia,100,IN,1598271854,84,22.06,88.11,83.79,8.43
